frame,v0_x,v0_y,v0_z,v1_x,v1_y,v1_z,v2_x,v2_y,v2_z,v3_x,v3_y,v3_z,v4_x,v4_y,v4_z,v5_x,v5_y,v5_z,v6_x,v6_y,v6_z,v7_x,v7_y,v7_z,m0_x,m0_y,m0_z,m1_x,m1_y,m1_z,m2_x,m2_y,m2_z
0.000000,2.049671,-1.013826,-0.935231,4.152303,-1.023415,-1.023414,4.157921,1.076743,-1.046947,2.054256,0.953658,-1.046573,2.024196,-1.191328,0.827508,3.943771,-1.101283,1.031425,3.909198,0.858770,1.146565,1.977422,1.006753,0.857525,2.945562,-1.488908,-0.115099,4.337570,-1.060064,-0.729169,2.139829,-0.614772,1.398650
1.000000,1.846681,-0.818253,-0.985101,3.969707,-1.071799,-1.113763,3.945927,1.197561,-0.927668,1.918308,1.068929,-0.974730,1.998814,-0.981313,1.238888,4.101528,-1.086878,1.047657,4.006079,1.021279,1.112556,2.151319,1.157424,1.085394,2.984533,-1.372301,0.164636,4.218110,-0.895908,-0.809838,2.172226,-0.658523,1.659860
2.000000,1.897301,-0.702067,-0.687512,3.825476,-0.714932,-0.804842,3.843431,1.403578,-1.147087,1.943718,1.204470,-0.680043,2.150323,-1.069128,1.239145,4.162344,-0.671233,0.974315,4.002809,1.128987,1.191216,2.131048,1.074839,1.385972,3.036019,-1.213403,0.062644,4.190541,-0.792773,-0.842524,2.412339,-0.652902,1.642437
3.000000,1.832867,-0.847385,-0.624591,3.789451,-0.706161,-0.949321,3.803023,1.558610,-0.803700,1.820977,1.282632,-0.662369,2.208103,-0.799319,1.629626,4.158914,-0.695272,1.029165,4.000178,1.384780,1.219864,2.228753,1.099644,1.635616,2.892329,-1.155933,0.416092,4.072942,-0.685500,-0.680953,2.421921,-0.772723,1.759461
4.000000,1.701861,-0.563533,-0.532068,3.905256,-0.578957,-0.936891,3.754716,1.369053,-0.730449,1.861908,1.221131,-0.270173,2.305312,-0.661958,1.375570,4.089449,-0.577685,1.064404,4.169646,1.397537,1.118193,2.225651,1.281938,1.579319,3.220595,-1.071196,0.140287,4.177928,-0.600948,-0.604752,2.675957,-0.637755,1.952174
5.000000,1.801237,-0.435446,-0.107356,3.645329,-0.450759,-0.962187,3.497995,1.605643,-0.647376,1.697336,1.553805,-0.103991,2.491907,-0.701212,1.880559,4.319030,-0.618195,0.925253,4.214419,1.433913,1.295487,2.303586,1.306709,1.715607,2.879299,-1.066902,0.405357,4.065753,-0.502183,-0.656511,2.684366,-0.581451,1.966585
6.000000,1.717899,-0.540516,-0.118043,3.638896,-0.142106,-0.733589,3.343816,1.639648,-0.554826,1.662223,1.609128,0.464091,2.469230,-0.495586,1.806103,4.348019,-0.464862,1.101453,4.104363,1.526825,1.209659,2.319094,1.606165,1.756616,3.091413,-1.087009,0.330514,4.077332,-0.245051,-0.769837,2.657573,-0.361803,1.965321
7.000000,1.686237,-0.332122,-0.076208,3.703800,-0.062537,-1.004534,3.398369,1.785994,-0.442763,1.475657,1.629949,0.313464,2.562352,-0.663343,1.771894,4.253097,-0.397896,1.190918,4.231408,1.519450,1.380172,2.578311,1.538035,1.927421,2.961588,-0.702456,0.362392,3.929187,-0.047848,-0.740900,2.803575,-0.689882,2.014488
8.000000,1.592371,-0.373890,0.293963,3.246930,-0.046160,-0.749460,3.418471,1.825797,-0.330515,1.503051,1.624277,0.492635,2.557061,-0.537266,1.899073,4.270940,-0.218936,1.065049,4.352473,1.617470,1.527842,2.226346,1.479117,2.266627,3.020549,-0.794855,0.465041,3.744421,-0.058269,-0.547357,2.922433,-0.370312,2.276571
9.000000,1.602039,-0.082306,0.333891,3.201863,0.064672,-0.645938,3.226832,2.082782,-0.351392,1.580108,1.741432,0.683181,2.575748,-0.432694,2.080482,4.391962,-0.045291,1.109557,4.192553,1.905735,1.305526,2.509417,1.540242,2.337848,3.029622,-0.717985,0.744821,3.594877,0.004814,-0.498644,3.039514,-0.173134,2.309969
10.000000,1.524519,-0.169915,0.416597,3.106484,0.339907,-0.691291,2.971880,2.166313,-0.235923,1.349602,1.793646,0.832755,2.676406,-0.395044,1.993468,4.323570,-0.166574,0.814223,4.108751,1.912946,1.385430,2.679675,1.697473,2.423948,2.941095,-0.640245,0.580299,3.561527,0.283430,-0.677416,3.081945,-0.016044,2.287383
11.000000,1.521201,0.070050,0.504322,3.081021,0.364002,-0.620695,2.863307,2.312391,-0.139645,1.508141,2.044161,1.200779,2.627942,-0.190281,2.120051,4.501239,0.003364,0.842839,4.104315,1.819002,1.315253,2.510759,1.684724,2.576910,3.098762,-0.349142,0.567683,3.388955,0.424408,-0.705130,3.278509,0.015612,2.292865
12.000000,1.265940,0.215413,0.665220,3.062146,0.322080,-0.642417,2.825212,2.423860,-0.145165,1.385862,1.910902,1.144757,2.766001,-0.158971,2.224961,4.142618,0.037671,1.022414,4.174637,2.053873,1.532082,2.651862,1.845154,2.642872,3.080662,-0.173321,0.640184,3.458195,0.562719,-0.412920,3.059566,0.034016,2.477384
13.000000,1.218615,0.038404,0.601263,2.786892,0.670283,-0.382590,2.714437,2.688808,-0.147718,1.117346,2.078593,1.366711,2.796231,-0.349804,2.187702,4.088397,0.365707,0.895261,4.018051,2.174771,1.275798,2.686427,1.879873,2.621159,2.883772,-0.307146,0.621827,3.226783,0.516306,-0.580179,3.091969,0.230377,2.396936
14.000000,1.282826,0.252500,0.918240,2.663305,0.774972,-0.405948,2.534935,2.572549,0.054044,1.025189,1.996158,1.629409,3.005474,-0.100359,2.287646,4.204706,0.714886,0.930776,4.063372,2.228020,1.221422,2.763907,1.765485,2.651013,2.722887,-0.268248,0.902048,3.196683,0.739143,-0.350303,3.269869,0.017008,2.557614
15.000000,1.366122,0.199380,1.030010,2.465902,0.688123,-0.336681,2.658857,2.591701,0.229550,1.161618,2.159546,1.592357,2.791725,-0.002762,2.170703,4.146403,0.510661,0.751560,3.943052,2.363161,1.453546,2.842667,1.799784,2.866283,2.812320,-0.233835,0.815947,2.908270,0.915350,-0.546664,3.126383,0.010333,2.411978
16.000000,1.298796,0.282271,1.227286,2.252265,0.930269,-0.496936,2.281986,2.834816,0.179000,1.163121,2.366531,1.746613,2.994240,-0.052525,2.320923,4.200420,0.377456,0.648992,4.042723,2.497515,1.406671,2.779025,1.962304,2.893250,2.799134,0.050804,0.819596,2.794745,0.925904,-0.484302,3.385120,0.201633,2.427984
17.000000,1.442143,0.526981,1.239568,2.400784,1.003980,-0.525327,2.125285,2.738466,0.321401,1.181876,2.488270,1.982930,2.916448,0.211644,2.051255,4.007979,0.810709,0.530825,4.044224,2.648229,1.315220,2.947067,2.236530,2.968621,2.647975,0.070620,0.720926,2.776169,1.003243,-0.403381,3.330492,0.362935,2.414212
18.000000,1.301335,0.453579,1.347859,2.042732,1.105523,-0.228824,2.180727,2.925614,0.534384,1.297565,2.413802,2.276503,2.883560,0.072665,2.089185,4.053571,0.907939,0.620099,3.896384,2.597832,1.584210,2.938282,2.075948,3.053612,2.607770,0.228960,0.742710,2.593713,1.388843,-0.244390,3.563674,0.335844,2.253797
19.000000,1.149179,0.572391,1.580467,1.829413,1.405147,-0.226972,1.941616,3.005594,0.371812,1.229719,2.428763,2.090520,2.848671,0.232117,2.418934,3.789122,0.800754,0.545239,3.773454,2.535993,1.312852,2.940731,2.189929,3.185396,2.604664,0.268402,0.722661,2.653994,1.315751,-0.344963,3.421306,0.479278,2.300417
20.000000,1.069755,0.571887,1.557121,1.800880,1.280053,-0.144940,1.838747,3.342750,0.360723,1.245294,2.592194,2.134460,2.955588,0.297217,2.086598,3.640177,0.948069,0.686598,3.820549,3.027294,1.364941,2.885974,2.122922,3.057690,2.298072,0.453896,0.816500,2.206367,1.487317,-0.268510,3.400020,0.648430,2.159176
21.000000,1.155241,0.743144,1.611584,1.743319,1.322115,-0.007606,1.726674,3.222086,0.817542,1.057673,2.370120,2.299526,3.056367,0.275041,2.368588,3.404630,1.336122,0.471662,3.637611,2.939117,1.303125,3.026461,2.340547,3.017181,2.359651,0.432011,0.837692,2.119362,1.348605,-0.413624,3.515667,0.623073,2.191834
22.000000,1.063146,0.773357,1.663175,1.487679,1.559286,-0.142507,1.668190,3.182469,0.900333,1.170418,2.577228,2.657507,3.162262,0.573254,1.965357,3.371963,1.210437,0.390233,3.613543,3.013370,1.248388,2.982032,2.223691,2.850865,2.172825,0.417334,0.744278,2.036666,1.524909,0.019139,3.488535,0.698357,2.058093
23.000000,1.100070,0.733307,1.796139,1.676041,1.619011,0.125145,1.440819,3.423867,1.056896,1.058446,2.770865,2.724312,2.933283,0.603746,2.193784,3.441705,1.221229,0.250094,3.445876,3.169557,1.254473,3.098404,2.205720,3.004146,2.243064,0.690853,0.944051,1.855848,1.762642,-0.215969,3.263442,0.797044,2.089403
24.000000,1.026957,0.712979,1.734532,1.379985,1.709878,0.132586,1.399589,3.501168,1.053338,1.070282,2.634625,2.691485,2.933605,0.578173,2.056784,3.204051,1.607845,0.166907,3.355326,3.222656,1.296140,3.118798,2.496634,2.781089,2.122045,0.804335,0.833963,1.719037,1.758347,-0.032570,3.642091,0.792248,1.940094
25.000000,1.115852,1.045916,1.840732,1.087787,1.767042,-0.016674,1.192626,3.464718,0.959406,1.121730,2.681292,2.966483,2.858315,0.775941,1.942415,3.112496,1.652252,0.076295,3.310368,3.371327,1.156227,3.141752,2.692950,2.818455,1.952207,0.731573,0.755641,1.388106,2.018644,0.004154,3.330000,0.819900,1.939432
26.000000,0.886883,0.996092,1.955171,0.834244,2.027409,0.349600,1.113307,3.589352,1.138127,1.164318,2.754118,3.075427,2.915002,0.665860,1.746608,2.903317,1.682236,0.299129,3.113416,3.463392,1.057559,3.240304,2.753847,2.770981,1.863122,0.974724,0.860583,1.475635,2.043964,-0.138197,3.413129,1.088670,1.873986
27.000000,0.965212,1.081859,2.084986,0.981291,2.010906,0.204243,1.081947,3.807760,1.097591,1.175553,2.676931,2.929261,3.028440,0.832668,1.801703,2.693200,1.859026,0.114506,3.269712,3.494697,1.030203,3.149735,2.712377,2.745860,1.843687,1.005318,0.788086,1.085637,2.086825,0.040603,3.210445,1.065720,1.613971
28.000000,1.007060,0.862838,1.936527,0.739655,2.171801,0.263821,0.907258,3.930161,1.100342,0.928520,2.785956,2.916960,2.759642,0.951870,1.726099,2.619736,1.753095,0.066942,3.002008,3.598005,1.139107,3.015602,2.455279,2.607275,1.712080,1.040776,0.718247,1.005427,2.019989,0.112864,3.255915,1.238628,1.603124
29.000000,0.906887,1.109695,2.052641,0.627011,2.213122,0.337794,0.932194,3.783924,1.450868,1.092127,2.945503,2.992569,2.673072,0.960843,1.530788,2.601740,1.910258,-0.135453,2.627276,3.642981,0.655491,2.956313,2.736765,2.666188,1.657351,0.989249,0.706568,0.810848,2.102790,0.153676,3.294881,1.179017,1.449685
30.000000,0.856178,0.883729,1.989632,0.357623,2.040665,0.335893,0.942772,3.903722,1.307062,1.229780,2.926648,3.106990,2.769671,0.949771,1.558812,2.393538,2.156908,-0.097840,2.796327,3.712676,0.970559,3.120650,2.920801,2.420247,1.684066,1.172734,0.611311,0.605261,2.255716,0.080064,3.194431,1.217580,1.316465
31.000000,1.024045,1.293492,2.055465,0.295301,2.209043,0.469152,0.565795,3.856512,1.250029,1.226314,2.870668,2.972602,2.861825,0.957657,1.226004,2.208553,2.261245,-0.063198,2.516794,3.949614,0.773646,3.063737,2.853810,2.446762,1.246181,1.364988,0.775858,0.435388,2.391990,0.120689,3.095241,1.293253,1.117907
32.000000,0.781964,1.268528,2.054687,0.123015,2.325951,0.164504,0.691528,3.746755,1.428528,1.089128,2.693731,3.131824,2.591539,1.179892,1.245017,2.061570,2.250450,-0.429560,2.530068,3.865337,0.558496,3.012073,2.967262,2.350145,1.260184,1.244100,0.563516,0.552153,2.450702,0.147124,3.091309,1.444865,1.020125
33.000000,0.739676,1.172326,1.976158,0.104598,2.301197,0.561778,0.480791,3.962931,1.307825,1.307972,2.873200,3.098811,2.275760,1.418222,1.107316,1.948728,2.221910,-0.308813,2.189596,3.922589,0.840443,3.003345,2.890193,2.227413,1.233922,1.352969,0.586608,0.433967,2.462202,0.156129,3.004621,1.603475,1.021034
34.000000,0.797927,1.091166,2.113914,-0.207589,2.368924,0.449686,0.398404,4.018161,1.577471,1.274018,3.013461,3.016146,2.461289,1.368964,1.106595,1.535935,2.465490,-0.367691,2.126712,4.189944,0.567407,2.996034,2.901872,2.009428,0.962304,1.249947,0.660776,-0.038955,2.419564,-0.048482,2.739215,1.431646,0.918742
35.000000,0.809587,1.160416,2.137760,-0.115867,2.344244,0.309072,0.553699,3.872438,1.413156,1.349511,3.107875,3.069627,2.455729,1.394119,0.934697,1.552582,2.510258,-0.493729,2.009078,4.041411,0.486467,2.768691,2.959478,1.769180,0.847626,1.465007,0.588713,-0.006999,2.407613,0.097550,2.793162,1.535694,0.580778
36.000000,0.737825,1.153983,1.876404,-0.464602,2.350044,0.622054,0.088995,4.077476,1.602634,1.317563,2.896456,3.016802,2.318904,1.352593,0.719172,1.346692,2.559783,-0.564789,1.801657,4.111855,0.305413,3.060833,2.894395,1.652173,0.770877,1.586538,0.365384,-0.114994,2.538444,0.252768,2.504107,1.917253,0.330270
37.000000,0.687531,1.333640,1.852184,-0.462739,2.426032,0.622563,0.161237,4.147807,1.846988,1.220947,2.745687,2.809730,2.464922,1.374741,0.724882,1.273961,2.568502,-0.574754,1.889178,4.198353,0.355743,2.768930,2.966038,1.503796,0.603939,1.547368,0.260641,-0.353386,2.486465,0.284902,2.552323,1.570820,0.329922
38.000000,0.752408,1.166640,1.914806,-0.510984,2.392726,0.637643,0.163396,4.073012,1.695501,1.198023,2.906724,2.604582,2.090061,1.422857,0.338463,1.042267,2.798002,-0.631398,1.469875,4.259414,0.427403,2.775805,3.347365,1.449753,0.628242,1.556780,0.291371,-0.524780,2.744228,0.372911,2.264685,1.703034,-0.049303
39.000000,0.652744,1.192544,1.461059,-0.618195,2.732131,0.664484,0.127036,4.083639,1.641715,1.394093,2.866478,2.689601,2.021410,1.503019,0.359872,0.712746,2.674204,-0.696938,1.340636,4.345222,0.235012,2.798070,3.209923,1.244678,0.572810,1.767194,0.272032,-0.636773,2.568682,0.194539,2.180301,1.839524,-0.043640
40.000000,0.578974,1.369100,1.590434,-0.707912,2.504295,0.486162,-0.111133,4.067205,1.534864,1.372666,3.052972,2.691485,1.849957,1.773798,0.122389,0.507721,2.745102,-0.836500,1.241975,4.407250,0.181929,2.610969,3.252185,1.198712,0.467484,1.516855,-0.102808,-0.667913,2.584706,0.300671,1.954837,1.782795,-0.130489
41.000000,0.619499,1.269741,1.252164,-0.905910,2.547487,0.551108,-0.055286,4.082417,1.712226,1.333205,2.805727,2.586223,1.731715,1.675083,-0.140143,0.308371,2.770248,-0.876380,1.301534,4.297180,-0.065144,2.672349,3.232523,0.841574,0.357716,1.638588,0.269868,-0.812126,2.689216,0.559177,1.866073,2.097763,-0.314201
42.000000,0.642792,1.492854,1.421240,-1.016456,2.560248,0.643130,0.075215,4.096187,1.610467,1.346077,2.770274,2.256975,1.738305,1.663276,-0.306429,0.218196,3.025083,-0.836980,1.079126,4.399116,-0.114960,2.583387,3.264981,0.709276,0.267646,1.785160,0.066147,-0.776828,2.685370,0.454649,1.781219,2.108860,-0.349951
43.000000,0.531049,1.397929,1.425418,-1.062460,2.431807,0.614890,-0.371403,4.283070,1.523649,1.309337,2.878140,2.263507,1.565201,1.864099,-0.414940,-0.039315,2.977938,-0.980297,0.989328,4.560498,0.032658,2.401112,3.457120,0.576069,-0.113651,1.796428,-0.112416,-1.154257,2.815202,0.502160,1.620923,2.169060,-0.489790
44.000000,0.470459,1.609787,1.268596,-1.281848,2.588134,0.762488,-0.090657,4.136098,1.601415,1.210093,2.884697,2.017881,1.285868,1.883801,-0.343896,-0.168767,2.868536,-0.954099,0.797568,4.483127,-0.121073,2.231528,3.302434,0.444830,-0.114555,1.821830,-0.204729,-1.247710,2.830813,0.355498,1.629523,2.151961,-0.792683
45.000000,0.504091,1.211457,0.924011,-1.333059,2.631790,0.670700,-0.004994,4.000192,1.609400,1.484722,3.104987,2.171301,1.320257,1.971920,-0.604641,-0.314068,2.966634,-1.119919,0.527438,4.555818,-0.218363,2.188739,3.516128,0.210006,-0.072703,1.685583,-0.204634,-1.372586,2.569147,0.396889,1.277799,2.394435,-0.904524
46.000000,0.271057,1.540568,1.104852,-1.191901,2.471355,0.627962,-0.335645,4.149930,1.749577,1.479486,2.853325,1.707999,1.064513,1.734790,-0.782732,-0.587923,3.003874,-1.233362,0.429884,4.544260,-0.353671,1.714884,3.455934,0.199389,-0.171639,1.770346,-0.315096,-1.345229,2.648462,0.445589,1.195232,2.414211,-1.126787
47.000000,0.313820,1.267447,0.777792,-1.337273,2.515034,0.809800,-0.412910,4.171464,1.498787,1.314083,2.824423,1.425514,0.985647,2.024861,-0.991889,-0.744870,3.125821,-1.262049,0.177558,4.697553,-0.423765,1.908631,3.359417,-0.109654,-0.457764,1.667249,-0.208048,-1.550948,2.655119,0.443557,1.058039,2.235475,-1.255893
48.000000,0.335725,1.422896,0.751411,-1.410761,2.375748,0.718126,-0.470673,3.708009,1.529083,1.393835,2.658929,1.408709,0.802118,2.193766,-1.107348,-0.999499,3.074648,-0.996195,0.019303,4.554656,-0.406042,1.655468,3.541921,-0.171044,-0.537269,1.812617,-0.423118,-1.713308,2.807721,0.421611,0.745996,2.698869,-1.373025
49.000000,0.174151,1.307570,0.717955,-1.417127,2.290904,0.789077,-0.457996,4.162339,1.547866,1.241870,3.018584,1.352603,0.664924,2.070504,-1.336125,-1.162492,3.209553,-1.190924,-0.101230,4.551322,-0.372379,1.823171,3.455554,-0.506360,-0.542500,1.835348,-0.417607,-1.736813,2.741015,0.414356,0.680232,2.537614,-1.279778
50.000000,0.261503,1.377712,0.488465,-1.513193,2.440928,0.651876,-0.399083,4.078662,1.288726,1.379475,3.016667,1.165184,0.203744,1.992315,-1.259681,-1.267774,3.015114,-1.227469,-0.119478,4.709541,-0.492920,1.441194,3.553745,-0.773657,-0.634923,1.812901,-0.409258,-1.546098,2.772397,0.391351,0.436833,2.452448,-1.759397
51.000000,0.187811,1.220488,0.450811,-1.568871,2.395779,0.690689,-0.463773,3.974610,1.286695,1.327031,2.744071,1.016507,0.443311,1.981066,-1.590331,-1.376975,3.136329,-1.157177,-0.294921,4.722120,-0.409445,1.374926,3.597250,-0.783474,-0.717639,1.830049,-0.695508,-1.649262,2.630622,0.216451,0.293643,2.433862,-1.802316
52.000000,0.137944,1.349054,0.263648,-1.605704,2.391914,0.614107,-0.383353,3.943777,1.180949,1.318266,2.818045,0.907939,0.117220,2.289738,-1.672839,-1.621342,3.114577,-1.233451,-0.401495,4.496525,-0.674070,1.078632,3.742588,-0.845000,-1.027508,1.820970,-0.656818,-1.699641,2.515845,0.454523,0.116962,2.566436,-1.891994
53.000000,0.151679,1.049668,0.119340,-1.662645,2.118960,0.665729,-0.336820,3.832177,1.305826,1.335854,2.995381,0.811480,-0.016251,2.134993,-1.932879,-1.763882,3.025158,-0.992533,-0.633813,4.665701,-0.558548,1.036948,3.840853,-1.239017,-1.105153,1.754515,-0.860022,-1.927042,2.566744,0.382501,-0.240690,2.400903,-2.029942
54.000000,-0.154679,1.384375,-0.082604,-1.773549,2.229134,0.510885,-0.457032,3.941152,0.955058,1.146140,2.839407,0.532761,-0.241730,2.070384,-1.920551,-1.966239,3.204868,-1.209566,-0.557673,4.638253,-0.726063,0.724423,3.512319,-1.490584,-1.203420,1.866928,-0.948510,-1.820655,2.480084,0.432653,-0.202070,2.652581,-2.151716
55.000000,-0.151777,1.079972,-0.305853,-1.675096,2.116115,0.541526,-0.494059,3.743432,1.005872,1.106447,2.890432,0.173243,-0.295770,2.150354,-1.996038,-1.957367,3.103214,-1.114020,-0.847237,4.569733,-0.656963,0.601003,3.722153,-1.485026,-1.354294,1.786898,-1.038876,-2.003685,2.491829,0.424328,-0.658380,2.706871,-2.306856
56.000000,-0.026875,1.323077,-0.441775,-1.498444,2.047133,0.612300,-0.412736,3.655416,1.134957,1.014356,2.865208,0.124205,-0.624924,2.252327,-2.020735,-2.338502,3.187819,-1.368796,-0.897213,4.726036,-0.836318,0.510606,3.616656,-1.646251,-1.465333,1.857842,-0.777650,-1.842381,2.376834,0.375653,-0.916269,2.513049,-2.210899
57.000000,-0.026172,1.140557,-0.579172,-1.696601,2.143205,0.402475,-0.479926,3.629526,0.915942,1.038526,2.826355,-0.129613,-0.797488,2.169754,-2.231726,-2.318637,3.189652,-1.135272,-1.150677,4.661204,-0.790794,0.502414,3.777276,-1.771504,-1.488379,1.599372,-1.076809,-2.129107,2.394352,0.555971,-0.716616,2.666607,-2.335869
58.000000,-0.434514,1.191797,-0.740474,-1.770226,2.044240,0.396741,-0.728523,3.704129,0.728938,0.947064,3.021756,-0.361372,-1.214575,2.153560,-2.171377,-2.219444,2.874197,-1.126158,-1.284262,4.554840,-0.519131,0.065704,3.775818,-1.842442,-1.520652,1.739335,-0.986022,-2.071436,2.350631,0.332511,-1.068435,2.570747,-2.417928
59.000000,-0.326788,1.339185,-0.807041,-1.896034,2.130436,0.311510,-0.603193,3.520319,0.889949,0.643486,3.115996,-0.345874,-1.113807,2.176388,-2.331430,-2.478887,3.024063,-1.100440,-1.341127,4.515449,-0.820706,0.025293,3.870896,-1.950208,-2.016698,1.764740,-1.047083,-2.051672,2.225336,0.461380,-1.225227,2.530979,-2.475456
60.000000,-0.493251,1.067581,-1.002662,-1.639718,2.040218,0.409310,-0.471731,3.580289,0.602448,0.828823,2.869349,-0.555966,-1.190970,2.248498,-2.394807,-2.532718,2.914379,-1.220148,-1.474323,4.426306,-0.890883,-0.142596,3.682191,-2.152153,-2.002700,1.686674,-1.113003,-2.144214,2.267553,0.422963,-1.668188,2.528133,-2.644200
61.000000,-0.565052,1.265900,-1.094800,-1.756511,1.682807,0.375420,-0.674035,3.481812,0.606563,0.844955,2.644696,-1.110421,-1.463934,2.349517,-2.367203,-2.720351,2.820543,-1.023090,-1.658720,4.509967,-0.786308,-0.196347,4.038057,-2.184908,-1.952073,1.625616,-1.333254,-2.140069,2.095278,0.255211,-1.677239,2.513813,-2.496706
62.000000,-0.548737,1.157880,-1.240437,-1.715765,1.901769,0.177182,-0.621473,3.391071,0.354952,0.544940,2.713372,-0.894565,-1.626830,2.176574,-2.458090,-2.849350,2.856711,-1.081959,-1.633453,4.361573,-1.089875,-0.490891,3.901674,-2.224915,-1.889552,1.711304,-1.187188,-2.054581,2.006323,0.252689,-1.813065,2.703548,-2.654513
63.000000,-0.674148,1.133164,-1.276039,-1.874274,1.523640,0.159188,-0.683207,3.314849,0.384310,0.494298,2.890763,-1.118639,-1.791704,2.203085,-2.699877,-2.818599,2.753435,-0.968544,-1.860944,4.218041,-0.768957,-0.615358,3.663064,-2.488114,-1.955464,1.425019,-1.067820,-2.163958,2.061283,0.226465,-1.993158,2.511259,-2.678715
64.000000,-0.708023,1.005631,-1.386364,-1.777456,1.662483,0.063680,-0.823004,3.289488,0.549093,0.525709,2.727171,-1.342019,-1.985659,2.175083,-2.737452,-2.890492,2.771403,-0.923991,-1.798713,4.325074,-0.783807,-0.769360,3.708215,-2.532015,-2.136675,1.651947,-1.388218,-2.216358,1.940922,0.237899,-2.211195,2.567945,-2.696648
65.000000,-0.648656,0.916929,-1.662867,-1.730617,1.451349,0.093130,-0.406649,3.252425,0.239198,0.223836,2.650052,-1.512125,-2.182918,2.223867,-2.587409,-3.184942,2.659001,-0.902624,-1.812285,4.427074,-0.948543,-1.084737,3.604614,-2.561168,-2.175957,1.545751,-1.300180,-2.093699,1.864443,0.121337,-2.190409,2.356005,-2.657722
66.000000,-0.683265,1.047291,-1.713404,-1.748378,1.526344,0.194535,-0.800626,3.344351,-0.018056,0.220904,2.650310,-1.568456,-2.470895,2.113050,-2.454892,-3.274408,2.583576,-0.971871,-1.962308,4.213144,-0.902732,-1.129101,3.893891,-2.609324,-2.223181,1.264625,-1.412453,-2.003263,1.920494,0.211120,-2.596861,2.485246,-2.793074
67.000000,-0.915510,1.102847,-1.848353,-1.750441,1.498230,-0.040742,-0.593535,3.340680,0.008126,0.104720,2.608925,-1.698826,-2.485449,1.968807,-2.529618,-3.052843,2.430730,-1.042328,-1.977536,4.081375,-0.746713,-1.547822,3.782070,-2.752967,-2.291435,1.339354,-1.432278,-2.076967,1.761698,0.155640,-2.668255,2.646824,-2.806296
68.000000,-0.906816,0.991452,-1.995698,-1.826012,1.378680,0.040135,-0.608209,3.220652,-0.203161,0.027780,2.527722,-1.875470,-2.530818,1.954355,-2.916859,-3.224055,2.456680,-0.762219,-2.022845,3.977845,-0.740640,-1.402729,3.490517,-2.630486,-2.481043,1.270873,-1.317963,-2.068016,1.544819,0.116861,-2.991117,2.299784,-2.553847
69.000000,-1.278105,1.012437,-1.955762,-1.854124,1.254623,0.011998,-0.703358,2.961149,-0.101711,-0.008585,2.605862,-2.102276,-2.625022,2.128784,-2.543526,-3.277044,2.250641,-0.829849,-2.157023,4.058518,-0.647148,-1.625912,3.489796,-2.576721,-2.593283,1.178937,-1.339267,-1.800329,1.841221,0.141542,-3.050586,2.416340,-2.495114
70.000000,-1.291953,1.088488,-2.068362,-1.619629,1.312741,-0.120843,-0.532585,2.883234,-0.292270,-0.316976,2.651727,-2.086914,-2.864455,2.076592,-2.617289,-3.252876,2.137155,-0.727072,-2.197272,4.030045,-0.791197,-1.864468,3.456166,-2.725871,-2.464011,1.210464,-1.321439,-1.973406,1.447459,-0.018582,-3.106078,2.354875,-2.487107
71.000000,-1.410968,0.655151,-2.063797,-1.704721,1.082762,-0.149227,-0.668551,2.987724,-0.261560,-0.262519,2.446581,-2.157003,-3.021968,1.822272,-2.568150,-3.524190,2.198619,-0.730489,-2.454345,3.718209,-0.620969,-2.083531,3.725263,-2.740755,-2.780073,0.974294,-1.250779,-1.970658,1.307302,0.029321,-3.262959,2.369807,-2.334409
72.000000,-1.494472,0.697741,-2.289471,-1.618089,0.994814,-0.369629,-0.609647,2.813122,-0.404758,-0.534253,2.534102,-2.474670,-3.091498,1.908617,-2.723443,-3.459091,1.916284,-0.629617,-2.374393,3.647770,-0.790924,-2.280822,3.552616,-2.666013,-2.734514,1.034124,-1.427507,-1.957430,1.443874,0.112658,-3.573434,2.281779,-2.331816
73.000000,-1.674928,0.870409,-2.161119,-1.743766,0.920982,-0.227035,-0.633519,2.808953,-0.456376,-0.550189,2.396958,-2.371814,-3.190244,1.723922,-2.490257,-3.531724,2.022487,-0.442593,-2.413989,3.824571,-0.694840,-2.279899,3.385968,-2.649898,-2.729503,0.967059,-1.403899,-1.917435,1.272716,-0.100211,-3.727338,2.310013,-2.199515
74.000000,-1.792221,0.813997,-2.423909,-1.592933,0.963216,-0.406460,-0.757798,2.620204,-0.661749,-0.806317,2.493772,-2.632297,-3.359656,1.833278,-2.481956,-3.360207,1.923290,-0.386159,-2.436693,3.703054,-0.572244,-2.611768,3.526934,-2.522331,-2.834864,0.874102,-1.288375,-1.898386,1.210336,0.144405,-3.761075,1.928778,-2.223289
75.000000,-1.694817,0.676728,-2.278665,-1.741542,0.923792,-0.496941,-0.528482,2.823663,-0.723471,-0.914668,2.555685,-2.673155,-3.546762,1.620768,-2.545162,-3.384313,1.703942,-0.414871,-2.331304,3.417175,-0.494688,-2.662855,3.360165,-2.484608,-2.767762,0.850948,-1.245344,-1.883206,0.954241,-0.236105,-3.873156,2.289282,-2.036849
76.000000,-2.006937,0.520635,-2.417666,-1.542232,0.829857,-0.514092,-0.736325,2.592115,-0.711571,-1.220581,2.414260,-2.782556,-3.632511,1.846481,-2.237172,-3.406514,1.762223,-0.248396,-2.459973,3.515087,-0.322573,-2.889942,3.379677,-2.598122,-2.786239,0.623504,-1.365104,-1.851967,1.025124,-0.071373,-4.015439,1.923108,-2.131923
77.000000,-2.103193,0.582508,-2.529878,-1.344677,0.738610,-0.677301,-0.806080,2.596201,-0.581060,-1.298195,2.214967,-2.562299,-3.712102,1.386979,-2.132977,-3.624645,1.565250,-0.194167,-2.430897,3.262272,-0.468746,-3.005860,3.298096,-2.526340,-2.919453,0.535292,-1.235284,-1.709063,0.815957,-0.194903,-4.127893,1.806746,-1.958030
78.000000,-1.821204,0.442591,-2.376975,-1.479392,0.643707,-0.413118,-0.740765,2.467585,-0.861075,-1.159825,2.476460,-2.852742,-3.977029,1.375577,-2.171103,-3.347250,1.581474,-0.202417,-2.544078,3.276559,-0.338626,-3.268691,3.148231,-2.336753,-2.792358,0.503312,-1.460999,-1.705748,0.687698,-0.352941,-4.129372,1.733328,-1.898352
79.000000,-2.409973,0.591307,-2.411356,-1.507206,0.422291,-0.656875,-0.809618,2.423071,-0.850641,-1.499441,2.336932,-2.773865,-3.786382,1.384701,-1.909368,-3.306524,1.489756,-0.045180,-2.637623,3.316179,-0.297115,-3.212876,3.093434,-2.239366,-2.896691,0.488101,-1.211182,-1.571186,0.770280,-0.249759,-4.048297,1.559687,-1.676231
80.000000,-2.114565,0.425832,-2.630087,-1.632602,0.347696,-0.761064,-0.879679,2.157115,-0.973237,-1.480502,2.197874,-2.685607,-3.960395,1.332098,-1.944154,-3.197919,1.128869,0.073390,-2.541423,3.134400,-0.425405,-3.376216,3.129775,-2.265417,-2.924304,0.245882,-1.122609,-1.838827,0.630453,-0.240571,-4.279060,1.628527,-1.561883
81.000000,-2.455154,0.291031,-2.739068,-1.529403,0.221052,-0.716849,-0.905340,2.300059,-1.057712,-1.748842,2.319687,-2.810423,-4.051873,1.187282,-1.915379,-3.170908,1.187248,-0.047068,-2.585622,2.976683,-0.259973,-3.364729,3.138105,-1.954769,-3.126494,0.357498,-1.035929,-1.652485,0.596747,-0.135546,-4.165334,1.499006,-1.349587
82.000000,-2.491994,0.336733,-2.566442,-1.407115,0.216919,-0.614705,-0.868098,2.026710,-1.038627,-2.071114,2.264771,-2.750227,-4.207119,1.060675,-1.443674,-3.255431,0.906849,0.272436,-2.363226,2.880988,-0.082034,-3.368364,2.841950,-1.995070,-2.893925,0.375073,-1.070365,-1.756193,0.599228,-0.422704,-4.350837,1.408579,-1.159640
83.000000,-2.525475,0.316484,-2.464524,-1.560462,0.276242,-1.060054,-0.989555,2.125318,-1.233366,-1.967322,2.135307,-2.646472,-4.047256,0.906482,-1.525740,-3.165893,0.853328,0.212602,-2.629407,2.666190,-0.055796,-3.536686,2.753389,-1.732286,-3.099073,0.141873,-0.999051,-1.650318,0.359427,-0.453148,-4.377844,1.250709,-1.246015
84.000000,-2.731850,0.058986,-2.530660,-1.597068,0.116982,-0.867848,-1.010582,2.083744,-1.068503,-2.214975,1.986726,-2.898006,-4.302154,0.819531,-1.454029,-3.237453,0.737863,0.278960,-2.484164,2.620932,-0.092739,-3.781930,2.744778,-1.774129,-2.994738,-0.153225,-1.068262,-1.597520,0.246428,-0.163040,-4.355330,1.064687,-1.033113
85.000000,-2.993738,0.142833,-2.526795,-1.483342,0.010390,-0.889273,-1.115138,2.144383,-1.220439,-2.109559,2.137462,-2.706002,-4.257584,0.792825,-1.431503,-3.081112,0.752412,0.322268,-2.670444,2.567810,0.186849,-3.646469,2.652399,-1.454310,-3.102144,-0.237281,-1.072933,-1.454158,0.115495,-0.486338,-4.443656,1.246329,-0.709672
86.000000,-2.694545,0.070230,-2.367277,-1.735484,0.136411,-1.025438,-1.079689,1.795563,-1.274104,-2.517696,1.941922,-2.757309,-4.382423,0.732716,-1.206809,-2.972938,0.673762,0.340537,-2.584331,2.445489,0.203272,-3.825731,2.512837,-1.354492,-3.186550,-0.091958,-0.884991,-1.626386,-0.025266,-0.579024,-4.374843,1.066846,-0.781788
87.000000,-2.968990,-0.189125,-2.400240,-1.598592,-0.178195,-1.030417,-1.220464,1.869410,-1.255288,-2.796853,1.734926,-2.702253,-4.307073,0.267946,-1.000324,-2.986123,0.574725,0.416159,-2.453400,2.377435,-0.058185,-3.834221,2.491654,-1.199313,-2.691990,-0.462531,-0.696142,-1.612031,0.003953,-0.521852,-4.476753,0.772398,-0.528592
88.000000,-3.262774,0.026290,-2.320141,-1.722953,-0.207446,-0.836089,-1.261982,1.811040,-1.325340,-2.633767,1.957422,-2.384101,-4.387767,0.500419,-0.791590,-2.739513,0.247993,0.589821,-2.487072,2.251096,0.234056,-3.943489,2.359569,-1.070366,-2.932641,-0.250310,-0.722075,-1.619207,-0.196072,-0.447198,-4.344175,0.859681,-0.463742
89.000000,-3.227789,-0.282840,-2.246569,-1.527595,-0.283545,-0.919627,-1.284595,1.742708,-1.376993,-2.834606,1.529192,-2.504560,-4.542787,0.442725,-0.572307,-2.755490,0.356222,0.478707,-2.265715,2.244538,0.271394,-3.904471,2.158694,-1.011048,-3.154781,-0.497082,-0.852880,-1.444542,-0.214329,-0.531287,-4.477827,0.411188,-0.217078
90.000000,-3.487114,-0.197641,-2.265289,-1.448705,-0.219411,-0.991717,-1.198478,1.560878,-1.212105,-2.953324,1.791682,-2.265383,-4.308241,0.237465,-0.662391,-2.829039,0.076552,0.638600,-2.523471,2.286047,0.516741,-3.998695,2.171853,-0.782284,-3.190299,-0.532244,-0.657782,-1.687180,-0.235190,-0.604160,-4.592288,0.386056,-0.125752
91.000000,-3.195183,-0.208750,-2.175790,-1.621895,-0.538103,-0.909314,-1.433328,1.571445,-1.132336,-3.228385,1.560065,-2.347934,-4.271709,-0.058797,-0.625780,-2.707210,0.029344,0.802120,-2.424127,1.897209,0.550151,-4.278238,2.018467,-0.570855,-3.049172,-0.687144,-0.614796,-1.811052,-0.413411,-0.563582,-4.472322,0.355066,0.119791
92.000000,-3.503013,-0.322705,-2.045286,-1.717102,-0.394330,-1.013789,-1.508138,1.538610,-1.186157,-3.426796,1.747696,-2.210771,-4.319465,0.095676,-0.324810,-2.660641,-0.168504,0.653509,-2.169247,1.746213,0.448197,-4.094619,1.827276,-0.455343,-3.059221,-0.765871,-0.560870,-1.617515,-0.576783,-0.595192,-4.163244,0.226526,0.256297
93.000000,-3.480774,-0.543720,-1.678889,-1.704999,-0.363283,-1.111258,-1.332676,1.529149,-1.189285,-3.315894,1.536462,-1.935722,-4.326983,-0.339481,-0.144467,-2.534789,-0.221455,0.772778,-2.183557,1.530536,0.586162,-4.312066,1.911299,-0.248829,-3.043852,-0.915535,-0.355747,-1.465983,-0.443464,-0.656770,-4.237671,0.028182,0.476540
94.000000,-3.462613,-0.388419,-1.815979,-1.720681,-0.726028,-0.985717,-1.535954,1.200147,-1.342058,-3.480067,1.458277,-2.046890,-4.273811,-0.237693,0.102079,-2.517549,-0.259204,0.987109,-2.314518,1.558551,0.687766,-4.172704,1.707062,0.012548,-3.269653,-0.793908,-0.407726,-1.620133,-0.585927,-0.662025,-4.418204,0.121442,0.550257
95.000000,-3.656753,-0.480637,-1.733181,-1.743797,-0.692848,-0.959793,-1.861600,1.312745,-1.261846,-3.515560,1.459951,-1.858922,-4.348471,-0.395114,0.184849,-2.283146,-0.511260,0.570409,-2.262559,1.410545,0.540886,-4.258729,1.615632,0.250283,-3.038447,-1.082901,-0.300114,-1.636997,-0.720326,-0.786080,-4.362458,-0.194847,0.714384
96.000000,-3.779943,-0.699279,-1.608297,-1.767285,-0.866293,-0.964888,-1.818070,1.182948,-1.318417,-3.710160,1.432621,-1.591407,-4.136997,-0.453978,0.315301,-2.325748,-0.661110,1.029958,-2.302087,1.499051,0.856948,-3.941617,1.445610,0.367653,-2.830874,-1.180343,-0.429603,-1.794469,-0.652120,-0.869212,-4.159740,-0.240576,0.866262
97.000000,-3.792464,-0.718873,-1.263567,-1.962844,-0.869906,-1.114291,-1.704678,1.283758,-1.091397,-3.636744,1.137018,-1.324225,-4.033350,-0.555506,0.752555,-2.383940,-0.742617,0.855273,-2.066216,1.200738,0.905059,-3.968706,1.436377,0.503256,-3.145409,-1.299304,-0.081490,-1.547168,-0.798469,-0.730778,-4.253657,-0.520264,1.184176
98.000000,-4.023058,-0.807053,-1.163996,-2.035019,-0.850504,-0.934304,-1.856928,1.416051,-1.262907,-3.737791,1.154905,-1.255499,-4.085851,-0.825783,0.742947,-2.330287,-0.735117,0.986508,-2.029282,1.308556,0.925503,-4.063825,1.157612,0.580874,-2.913918,-1.166634,-0.160848,-1.642349,-0.954853,-0.577605,-3.906751,-0.348118,1.046042
99.000000,-3.987878,-0.889176,-1.069435,-1.975277,-1.022196,-0.927597,-1.856921,0.973018,-0.914936,-3.808383,1.100655,-1.160867,-4.012599,-0.962351,0.865112,-2.286875,-0.811115,0.824306,-1.896620,1.067773,0.924546,-4.106103,1.094561,0.969220,-3.265807,-1.277731,-0.034327,-1.792646,-1.040398,-0.530918,-3.984037,-0.786592,1.383439
100.000000,-3.966145,-1.093793,-0.978338,-2.102575,-0.889918,-0.893863,-1.946799,1.036166,-0.823881,-4.000031,0.881813,-0.955053,-3.791395,-1.101476,0.963854,-1.958355,-1.005390,0.901770,-1.887814,1.232004,1.019613,-4.090407,0.845104,1.025798,-2.889612,-1.452483,-0.000240,-1.758927,-1.109216,-0.616525,-3.708623,-0.954573,1.558984
101.000000,-3.987180,-0.949012,-0.997230,-2.184802,-1.079193,-0.930666,-1.891163,1.005857,-0.969073,-4.169803,1.033574,-0.923348,-3.763394,-1.152153,1.292234,-1.861980,-1.112739,0.963309,-1.986543,0.943339,1.059104,-4.008201,0.859269,1.177173,-3.194458,-1.548075,-0.030891,-1.846345,-1.234541,-0.878593,-3.840737,-0.999143,1.719562
102.000000,-4.136246,-1.161388,-0.683628,-2.085066,-1.135559,-1.078175,-1.996054,1.051091,-1.053378,-4.229035,0.791042,-0.746596,-3.796417,-1.319941,1.477617,-1.742473,-1.174508,1.128841,-1.793912,0.746025,1.018054,-3.882174,0.837235,1.348551,-3.119549,-1.767293,0.125453,-1.772420,-0.933051,-0.834772,-3.554874,-0.906839,1.869071
103.000000,-4.157485,-1.221354,-0.525550,-2.130102,-1.200467,-0.889595,-2.463979,0.873549,-0.808540,-4.200398,0.930113,-0.537986,-3.802925,-1.170836,1.300096,-1.850233,-1.304780,1.116710,-1.835546,0.576585,1.091453,-3.884458,0.618211,1.537921,-2.899037,-1.956869,0.303440,-1.776119,-1.055067,-0.646498,-3.390971,-1.135652,1.887227
104.000000,-4.092372,-1.372683,-0.212882,-2.113522,-1.195257,-1.032315,-2.408154,0.769412,-0.738643,-4.282906,0.643978,-0.129773,-3.603825,-1.606240,1.488114,-1.811691,-1.420649,0.993344,-1.855856,0.485379,1.173430,-3.806323,0.207687,1.856052,-2.809794,-1.908208,0.261299,-1.957581,-1.085907,-0.493731,-3.376922,-1.205333,1.873365
105.000000,-4.299844,-1.497442,-0.283843,-2.301717,-1.335857,-0.882376,-2.354642,0.679972,-0.787552,-4.328165,0.404021,-0.007510,-3.790141,-1.497994,1.747177,-1.699885,-1.731400,0.996211,-1.766377,0.416593,1.172565,-3.516849,0.441878,1.707830,-3.055106,-1.993559,0.298372,-1.832166,-1.369748,-0.622679,-3.086780,-1.350122,1.946404
106.000000,-4.199960,-1.586175,-0.035757,-2.373638,-1.370177,-0.833849,-2.462319,0.471896,-0.574032,-4.288980,0.483359,0.025458,-3.359501,-1.821108,1.881907,-1.785608,-1.514146,1.073099,-1.791634,0.468659,1.386147,-3.804499,0.300686,1.694015,-2.967503,-1.887109,0.319529,-2.042674,-1.395561,-0.455272,-3.347788,-1.659182,2.188100
107.000000,-4.005139,-1.655882,-0.134953,-2.156511,-1.275344,-0.734125,-2.557017,0.538410,-0.544043,-4.267506,0.477663,0.350907,-3.487461,-1.714523,1.836658,-1.486203,-1.494769,0.903214,-1.668173,0.283534,1.131600,-3.454734,0.377085,1.895350,-2.848717,-2.073952,0.445467,-1.982008,-1.564093,-0.624928,-3.121650,-1.893607,2.236386
108.000000,-4.098033,-1.736085,0.153629,-2.314123,-1.471861,-0.672132,-2.566903,0.608443,-0.414753,-4.290066,0.103282,0.475120,-3.357540,-2.033212,1.810555,-1.608651,-1.509950,1.131970,-1.425591,0.126823,1.321664,-3.519295,-0.067414,2.115982,-2.695091,-2.264347,0.592691,-1.957366,-1.261108,-0.780261,-2.798844,-1.678516,2.089273
109.000000,-4.089740,-1.803925,0.248180,-2.559393,-1.625167,-0.515686,-2.595899,0.489139,-0.442214,-4.387406,0.234841,0.493513,-3.207316,-2.081469,1.981742,-1.470251,-1.761007,1.048295,-1.497845,0.065012,1.308137,-3.165286,-0.031226,2.190862,-2.756507,-2.507932,0.540276,-1.876506,-1.642503,-0.697888,-2.725011,-2.063772,2.183859
110.000000,-4.120951,-1.997720,0.385420,-2.457721,-1.569553,-0.649904,-2.685821,0.381356,-0.289589,-4.254584,-0.027927,0.790130,-3.153426,-2.201952,1.959472,-1.517379,-1.850002,0.976243,-1.447457,0.037077,1.395144,-3.119120,-0.197917,2.357376,-2.748406,-2.357680,0.582868,-2.324594,-1.586895,-0.373440,-2.712332,-2.096227,2.335594
111.000000,-4.133017,-1.912118,0.418657,-2.513535,-1.610643,-0.644677,-2.670808,0.380458,-0.102214,-4.396560,-0.002178,0.978992,-2.933321,-2.302621,2.086693,-1.243855,-1.956605,0.814857,-1.520383,0.016834,1.490750,-2.998303,-0.447796,2.791253,-2.707662,-2.349073,0.610202,-2.113152,-1.573264,-0.451288,-2.444184,-2.047540,2.308274
112.000000,-4.198580,-2.095461,0.769987,-2.662567,-1.620707,-0.437218,-2.845603,0.126723,-0.114196,-4.224320,-0.243540,1.294215,-2.782281,-2.415217,2.010209,-1.455159,-1.989564,0.681387,-1.335990,-0.095841,1.701276,-2.707573,-0.499668,2.625487,-2.604514,-2.387285,0.501277,-2.396258,-1.772769,-0.491510,-2.372913,-2.136359,2.251572
113.000000,-4.343653,-2.140357,0.722367,-2.894544,-1.769852,-0.453509,-2.811706,0.097275,-0.025644,-4.255902,-0.433545,1.256837,-2.654899,-2.493779,2.213420,-1.387199,-2.102298,0.640895,-1.376641,-0.013844,1.234306,-2.872425,-0.565618,2.845016,-2.717982,-2.706232,0.504222,-2.258698,-1.558849,-0.497078,-2.296999,-2.316775,2.392300
114.000000,-4.157466,-2.241246,0.952049,-2.741799,-1.938657,-0.351348,-2.774507,0.020163,0.181732,-4.223338,-0.485199,1.416751,-2.765092,-2.582977,2.046876,-1.378226,-2.355236,0.810211,-1.367830,-0.263772,1.277809,-2.802625,-0.667118,2.738183,-2.609783,-2.803294,0.751440,-2.190115,-1.756119,-0.539538,-2.141110,-2.475606,2.406089
115.000000,-4.066370,-2.437272,1.070253,-2.891911,-1.999128,-0.568153,-3.038151,-0.114114,0.189199,-4.208636,-0.464323,1.655068,-2.664766,-2.666060,2.334878,-1.326068,-2.166239,0.689805,-1.302464,-0.429554,1.198696,-2.591745,-0.838776,2.816582,-2.727261,-2.830827,0.788541,-2.375996,-1.847403,-0.537349,-1.921996,-2.668473,2.455926
116.000000,-3.866827,-2.469728,1.143175,-2.892253,-1.850036,-0.518131,-3.007683,-0.100202,0.388807,-4.018286,-0.721425,1.773272,-2.408602,-2.901055,2.365831,-1.338751,-2.105024,0.811504,-1.163738,-0.418997,1.354563,-2.561732,-0.989343,2.958183,-2.445878,-2.975876,0.749285,-2.437037,-2.055436,-0.381911,-1.984565,-2.666329,2.353812
117.000000,-4.008783,-2.615084,1.250610,-2.920975,-2.082307,-0.289562,-2.772996,-0.114714,0.456164,-4.123440,-0.717846,1.840500,-2.373787,-2.999483,2.391558,-1.085033,-2.296326,0.525413,-1.254231,-0.409699,1.374303,-2.465042,-1.133820,2.944026,-2.487670,-3.157305,0.789698,-2.457012,-1.880436,-0.341252,-1.727937,-2.819205,2.190046
118.000000,-3.907692,-2.610217,1.514192,-2.854305,-2.022075,-0.228590,-3.016551,-0.210136,0.614331,-3.998223,-0.681024,2.056621,-1.972485,-3.158512,2.325648,-1.235678,-2.513985,0.647511,-1.096634,-0.589074,1.189733,-2.149793,-1.158696,3.035867,-2.411339,-3.014331,1.007308,-2.496978,-2.048963,-0.540089,-1.687878,-2.861634,2.448788
119.000000,-3.754478,-2.923618,1.488273,-2.896671,-1.967505,-0.122420,-2.902095,-0.259687,0.576129,-3.690131,-1.084346,2.184573,-2.061561,-3.068889,2.375054,-1.207100,-2.660462,0.528591,-1.070410,-0.513056,1.361100,-2.026658,-1.380095,3.052030,-2.553904,-2.858800,0.890364,-2.623891,-2.123809,-0.355650,-1.562715,-2.801347,2.333495
120.000000,-3.800144,-2.711095,1.565327,-2.921995,-2.236196,-0.119271,-2.958746,-0.523326,0.827348,-3.588895,-1.098846,2.231572,-1.829489,-3.183681,2.262916,-1.116985,-2.416961,0.656101,-1.070310,-0.731538,1.429030,-1.691161,-1.036132,2.896403,-2.409529,-3.352325,0.895847,-2.665073,-1.918146,-0.390398,-1.586904,-3.041341,2.069733
121.000000,-3.572172,-3.200117,1.645384,-3.238006,-2.262246,0.064329,-2.959701,-0.489434,0.709521,-3.611021,-1.119213,2.318503,-1.685908,-3.544797,2.130120,-1.176934,-2.447633,0.452824,-1.234204,-0.782333,1.283079,-1.718612,-1.505138,2.957675,-2.326693,-3.260840,0.834578,-2.435355,-2.300188,-0.463990,-1.221230,-3.139320,2.178409
122.000000,-3.639892,-3.111925,1.877005,-2.977358,-2.198620,-0.186292,-3.110830,-0.755725,0.716480,-3.404251,-1.221224,2.537087,-1.629595,-3.421616,2.169920,-1.046571,-2.713214,0.417588,-0.968059,-0.780109,1.299781,-1.284044,-1.550136,3.030862,-2.431737,-3.253916,0.887892,-2.672293,-2.306664,-0.223463,-1.037657,-3.099807,2.240128
123.000000,-3.494329,-3.102011,1.811865,-3.175725,-2.307402,-0.088952,-3.052818,-0.521573,0.909540,-3.498447,-1.272853,2.710737,-1.581609,-3.581124,2.082038,-1.165737,-2.578306,0.286496,-1.230785,-0.829705,1.161844,-1.356667,-1.698437,3.133994,-2.509825,-3.201881,0.813541,-2.642252,-2.243167,-0.094997,-1.109865,-3.323651,2.210684
124.000000,-3.385361,-3.244473,1.966113,-3.202338,-2.333900,0.005446,-2.990271,-0.601863,0.809488,-3.329809,-1.347163,2.826332,-1.403021,-3.473880,2.005146,-0.986228,-2.645048,0.279552,-0.885196,-0.918391,1.307321,-1.427716,-1.550869,2.892377,-2.302741,-3.580911,0.780255,-2.865304,-2.357972,-0.187236,-0.865831,-3.257990,2.015412
125.000000,-3.381679,-3.442757,2.072890,-3.186355,-2.281799,0.093465,-2.957921,-0.570472,1.163375,-3.128523,-1.623595,2.805841,-1.250695,-3.476002,1.964237,-1.063310,-2.494034,0.226698,-0.939348,-1.039850,0.843909,-1.090968,-1.804703,2.830751,-2.212981,-3.454794,0.923967,-2.782185,-2.417591,-0.038880,-0.877279,-3.286851,1.844549
126.000000,-3.230160,-3.432596,1.936162,-3.073482,-2.528018,-0.013623,-2.975974,-0.666307,1.079803,-3.001048,-1.586911,2.803209,-1.328866,-3.644186,1.836122,-1.227497,-2.705801,0.168824,-0.943034,-0.902101,1.240542,-1.020106,-1.844823,2.773146,-2.279853,-3.561995,0.744518,-2.780371,-2.153333,-0.173873,-0.794882,-3.402324,1.831518
127.000000,-3.027031,-3.397065,1.725417,-3.363489,-2.604219,0.330685,-3.057160,-1.114321,1.236403,-2.804820,-1.893422,2.827832,-1.164250,-3.676055,1.734428,-1.089279,-3.001728,-0.035727,-1.027090,-1.000826,0.954483,-0.763291,-2.131969,2.759938,-2.096253,-3.370474,0.721248,-2.805145,-2.613636,-0.305956,-0.570297,-3.448800,1.801834
128.000000,-3.074328,-3.555932,2.179301,-3.080640,-2.580173,0.271252,-3.018854,-0.745477,1.184057,-2.625695,-2.037429,2.849220,-0.819270,-3.776776,1.847046,-1.156224,-2.926144,0.068903,-0.946545,-0.945288,0.956964,-0.856245,-1.998819,2.896088,-2.058607,-3.612389,0.849905,-2.833255,-2.456983,-0.140675,-0.537029,-3.392637,1.485245
129.000000,-2.673781,-3.697382,1.919094,-3.014940,-2.689403,0.394093,-2.845325,-0.954016,1.356212,-2.488586,-2.175074,2.884460,-0.768352,-3.806111,1.546520,-1.295624,-2.873383,-0.293015,-0.871340,-1.112562,0.801220,-0.569551,-2.043809,2.796927,-2.213825,-3.539045,0.808649,-2.944143,-2.501980,-0.042427,-0.451729,-3.388903,1.507557
130.000000,-2.640511,-3.809230,1.865945,-3.121737,-2.592614,0.211287,-2.869217,-1.001838,1.265714,-2.433442,-2.109749,2.877965,-0.860416,-3.769295,1.358253,-1.332309,-2.849715,-0.088161,-0.855032,-1.134361,0.843255,-0.600393,-2.091357,2.527510,-2.057173,-3.600566,0.563703,-2.760271,-2.550902,0.003992,-0.386551,-3.589878,1.440929
131.000000,-2.670350,-3.917998,2.115463,-3.140553,-2.675391,0.577743,-2.744606,-1.012097,1.301518,-2.110635,-2.136593,3.068224,-0.732631,-4.048358,1.422767,-1.392732,-2.837683,-0.137473,-0.790628,-0.925903,0.880008,-0.356890,-2.194308,2.376793,-2.126898,-3.839189,0.581773,-3.078178,-2.605325,0.046379,-0.470616,-3.573778,1.256656
132.000000,-2.407738,-3.947120,2.059471,-2.986862,-2.786446,0.366897,-2.610649,-1.025693,1.405110,-1.804072,-2.295331,3.018982,-0.643900,-3.898399,1.075487,-1.255699,-2.932411,-0.287727,-0.685075,-1.086654,0.476988,0.044131,-2.219253,2.187473,-1.904199,-3.769323,0.528995,-2.850691,-2.714206,0.063684,-0.295308,-3.788249,1.060613
133.000000,-2.236408,-3.933478,2.061872,-2.989979,-2.921723,0.572481,-2.701137,-1.299452,1.411225,-1.729904,-2.231622,3.047741,-0.381670,-4.042996,1.156135,-1.228856,-2.753863,-0.381613,-0.797805,-1.125395,0.736657,-0.098670,-2.302110,2.034562,-2.119701,-3.806479,0.611003,-2.834417,-2.891444,0.100934,-0.376528,-3.534560,0.793725
134.000000,-2.030928,-3.957787,1.860512,-3.096755,-2.884143,0.440681,-2.475456,-1.320839,1.367220,-1.881742,-2.383081,2.914637,-0.460127,-3.915698,1.104993,-1.259081,-2.886150,-0.387794,-0.869747,-1.183151,0.637601,0.160978,-2.532336,1.931735,-1.906417,-3.853899,0.549400,-2.695109,-2.788634,0.117100,0.027556,-3.664227,0.881305
135.000000,-1.986465,-4.232520,1.779203,-3.093138,-2.903107,0.677872,-2.214402,-1.250333,1.693980,-1.534691,-2.597781,3.016208,-0.282837,-4.000651,0.888092,-1.214935,-2.735518,-0.374650,-0.654184,-1.144651,0.565941,0.167926,-2.301070,1.728589,-1.660568,-4.018474,0.478093,-2.907289,-2.726037,0.193120,-0.184334,-3.670027,0.545449
136.000000,-1.783741,-4.178012,1.905408,-2.981632,-3.077714,0.544212,-2.220711,-1.227796,1.524081,-1.184677,-2.771865,2.760969,-0.344172,-4.168680,0.548583,-1.221014,-2.895472,-0.530908,-0.613773,-1.224256,0.511450,0.324246,-2.528880,1.827245,-1.770869,-4.025476,0.377087,-2.885725,-2.864912,0.259274,0.067800,-3.816007,0.400260
137.000000,-1.618905,-4.186626,2.018311,-2.709085,-2.953084,0.479395,-2.130565,-1.460419,1.570838,-1.089390,-2.529339,2.868641,-0.263784,-3.977173,0.497211,-1.255028,-2.913002,-0.653539,-0.579924,-1.374281,0.570621,0.262102,-2.498781,1.605745,-1.598123,-3.972615,0.331899,-2.718597,-2.887581,0.391132,0.170017,-3.649052,0.195901
138.000000,-1.587045,-4.321102,1.646988,-2.725616,-3.169196,0.708761,-2.208203,-1.341343,1.551992,-0.896727,-2.609685,2.688889,-0.022317,-4.188330,0.557228,-1.288675,-2.949429,-0.722230,-0.548749,-1.346049,0.231157,0.530732,-2.580924,1.592475,-1.656350,-3.907806,0.298964,-2.816734,-2.905837,0.355641,0.115711,-3.623191,0.236469
139.000000,-1.338591,-4.388370,1.568364,-2.750839,-3.142829,0.719670,-2.206397,-1.570639,1.667413,-0.757997,-2.620651,2.705039,0.087832,-4.097053,0.354415,-1.138679,-2.764336,-0.859803,-0.627313,-1.337397,0.284849,0.725688,-2.566721,1.253965,-1.743387,-3.872917,0.165014,-2.664649,-2.976384,0.415653,-0.105355,-3.746470,-0.035525
140.000000,-1.326156,-4.217586,1.508751,-2.533485,-3.172866,0.809860,-1.938020,-1.698023,1.765441,-0.498897,-2.960936,2.515679,0.055838,-3.997837,0.039599,-1.604098,-2.847574,-0.928286,-0.775043,-1.599363,0.247270,0.769424,-2.520413,1.218550,-1.417841,-3.879364,0.013310,-2.618902,-3.146616,0.300210,0.192885,-3.680685,-0.180079
141.000000,-1.068022,-4.364026,1.726761,-2.556762,-3.347557,0.723607,-1.827796,-1.529618,1.625975,-0.409257,-2.905860,2.538407,0.057847,-4.148115,0.119719,-1.406864,-2.899477,-0.793854,-0.706717,-1.279366,-0.009298,0.933564,-2.604572,0.977758,-1.309638,-3.976468,0.112399,-2.576995,-3.081397,0.490549,0.182749,-3.841915,-0.277593
142.000000,-1.059135,-4.569802,1.273679,-2.481545,-3.305520,0.735211,-1.523133,-1.676275,1.627912,-0.184350,-2.855497,2.481394,0.138755,-4.129447,-0.301024,-1.472129,-2.838360,-0.851078,-0.454882,-1.349569,0.167915,0.892703,-2.418724,0.730485,-1.418148,-4.022709,0.061522,-2.449770,-3.053649,0.358075,0.522216,-3.611073,-0.430515
143.000000,-0.817414,-4.410685,1.369967,-2.332204,-3.370129,0.711279,-1.800670,-1.756991,1.585122,0.181870,-2.947745,2.113870,0.169780,-4.182061,-0.309291,-1.302368,-2.810037,-1.034516,-0.476865,-1.480602,0.029320,1.077852,-2.466148,0.558129,-1.251350,-3.938607,-0.075790,-2.396390,-3.207548,0.291505,0.319718,-3.606931,-0.685639
144.000000,-0.701496,-4.584794,1.158569,-2.200562,-3.530650,0.852466,-1.410463,-1.752753,1.488260,0.275119,-2.920930,2.141353,0.120190,-4.043825,-0.629192,-1.357799,-2.802658,-0.918889,-0.444865,-1.447099,-0.043113,1.107710,-2.744831,0.458265,-1.229172,-3.993602,-0.225506,-2.645923,-3.107240,0.421938,0.163471,-3.799649,-0.539630
145.000000,-0.558336,-4.499741,1.035026,-2.328131,-3.437624,0.699325,-1.239409,-1.880978,1.617371,0.376893,-3.148153,2.013769,0.065877,-4.261652,-0.589976,-1.279809,-2.910117,-1.177644,-0.481623,-1.379568,-0.332630,1.106591,-2.440299,0.343896,-1.201007,-4.050729,-0.376675,-2.173566,-3.250724,0.435892,0.326592,-3.550999,-1.055049
146.000000,-0.315763,-4.625480,0.966918,-2.020496,-3.543252,0.722496,-1.056689,-1.887509,1.569569,0.652962,-2.958127,1.714899,0.385302,-4.159688,-0.756263,-1.263188,-3.093342,-1.064593,-0.420325,-1.431035,-0.101594,1.184743,-2.574641,0.029733,-1.021205,-4.150798,-0.138237,-2.091009,-3.422208,0.362464,0.310440,-3.613234,-1.379253
147.000000,0.024438,-4.565023,0.875367,-1.761118,-3.260709,0.805516,-0.802361,-1.938107,1.511747,0.703990,-3.156839,1.599237,0.197537,-4.029783,-1.132223,-1.297128,-2.902777,-1.091101,-0.386400,-1.047560,-0.162324,1.190171,-2.455010,-0.217098,-1.120297,-4.278617,-0.281300,-2.110276,-3.140445,0.522878,0.515917,-3.721553,-1.214524
148.000000,-0.020654,-4.681993,0.656590,-1.589849,-3.506904,0.773109,-0.822410,-2.109945,1.428482,0.914297,-3.199360,1.508698,0.194609,-4.112149,-1.042337,-1.243063,-2.934410,-1.235459,-0.395584,-1.390912,-0.293316,1.466883,-2.508160,-0.448861,-0.919536,-4.232662,-0.445762,-1.801205,-3.186039,0.445192,0.260109,-3.587462,-1.296635
149.000000,0.023302,-4.511723,0.732385,-1.450545,-3.531783,0.755893,-0.438228,-1.977291,1.389738,1.053283,-3.082701,1.216762,0.376856,-3.865354,-1.470615,-1.133154,-2.778245,-1.203423,-0.194991,-1.349891,-0.291740,1.526722,-2.574739,-0.450056,-0.892749,-4.145444,-0.535662,-1.644225,-3.194849,0.359093,0.259733,-3.616731,-1.495284
150.000000,0.227560,-4.529554,0.548019,-1.380919,-3.560235,0.542486,-0.435499,-1.947088,1.384228,1.315796,-3.146919,1.074010,0.403595,-3.915998,-1.454949,-1.289058,-2.978902,-1.065067,-0.232985,-1.199857,-0.316152,1.469772,-2.507925,-0.890006,-0.943664,-4.292251,-0.393126,-1.686648,-3.288473,0.212471,0.276664,-3.456425,-1.640349
151.000000,0.329119,-4.602163,0.495623,-1.356049,-3.614439,0.681620,-0.010207,-2.291034,1.402507,1.416886,-3.061693,0.938131,0.432986,-3.844799,-1.211266,-1.159098,-2.963475,-1.234616,-0.200716,-1.517956,-0.553424,1.595692,-2.503087,-0.745883,-0.670385,-4.227151,-0.612208,-1.411673,-3.281024,0.434596,0.373597,-3.501983,-1.844439
152.000000,0.271014,-4.453938,0.208235,-1.145598,-3.653348,0.566550,-0.099083,-2.265859,1.502201,1.462959,-3.219715,0.783108,0.586042,-3.880789,-1.774106,-1.084234,-2.798542,-1.149290,-0.033173,-1.090568,-0.350193,1.493484,-2.178215,-0.977744,-0.590410,-4.319535,-0.680862,-1.520368,-3.296774,0.537794,0.188736,-3.474037,-1.798766
153.000000,0.597557,-4.580474,0.086669,-0.998421,-3.698480,0.492950,-0.021689,-2.056514,1.212485,1.725425,-3.151871,0.616964,0.578877,-3.879446,-1.906789,-1.100261,-2.884377,-1.206488,0.109183,-1.322047,-0.584778,1.479345,-2.323990,-1.115800,-0.715501,-4.124525,-0.717941,-1.297086,-3.299209,0.458875,0.541009,-3.531196,-2.008039
154.000000,0.756239,-4.751245,0.004782,-0.643327,-3.694334,0.636603,0.271502,-2.216940,0.960500,1.816059,-3.236463,0.636037,0.477439,-3.841699,-1.799730,-1.246812,-2.932107,-1.204890,0.107084,-1.258200,-0.630389,1.635606,-2.220032,-1.312005,-0.581131,-4.132025,-0.897760,-1.150051,-3.472363,0.671912,0.384717,-3.530215,-2.138281
155.000000,0.927885,-4.463640,-0.292883,-0.873619,-3.629613,0.416592,0.393247,-2.185974,1.063909,2.097105,-3.148255,0.254910,0.500317,-3.750958,-1.988140,-1.045981,-2.761854,-1.170070,0.108016,-1.453376,-0.688091,1.701933,-2.141939,-1.550938,-0.460780,-4.183788,-0.797049,-0.906817,-3.484332,0.499138,0.395342,-3.358258,-2.241377
156.000000,1.075128,-4.580808,-0.149570,-0.636910,-3.675416,0.467465,0.524565,-2.172333,1.009445,2.455466,-3.075800,-0.014845,0.540096,-3.929942,-2.109279,-1.037758,-2.756878,-1.105185,0.073464,-1.295419,-0.803834,1.563169,-2.135507,-1.752117,-0.351705,-4.213365,-0.853712,-0.677519,-3.590831,0.211274,0.363874,-3.298518,-2.285518
157.000000,1.076497,-4.611573,-0.483175,-0.281058,-3.935817,0.446542,0.807908,-2.270388,1.090504,2.229216,-3.033917,-0.030372,0.463204,-3.861567,-2.237590,-0.880954,-2.859403,-1.276007,0.280298,-1.297069,-0.808428,1.708906,-2.038114,-1.522602,-0.141568,-3.983057,-1.014729,-0.803442,-3.469209,0.393437,0.261262,-3.270228,-2.346022
158.000000,1.273770,-4.515006,-0.632599,-0.266702,-3.801834,0.324055,1.140023,-2.180816,0.813727,2.322399,-2.703586,-0.376766,0.487709,-3.587754,-2.221452,-0.827346,-2.633587,-1.125212,0.148805,-1.271759,-0.752782,1.914963,-2.200835,-1.768953,-0.119099,-3.998179,-1.027026,-0.624375,-3.412694,0.432273,0.458753,-3.205122,-2.515620
159.000000,1.194206,-4.453245,-0.759512,-0.141362,-3.811376,0.355408,0.987832,-2.263645,0.639122,2.489752,-3.033411,-0.614180,0.740075,-3.454631,-2.437887,-0.829811,-2.760475,-1.036892,0.242001,-1.117369,-0.860370,1.585144,-1.931830,-1.880488,0.210078,-4.182585,-0.996664,-0.416835,-3.419239,0.201920,0.227690,-3.231082,-2.508265
160.000000,1.393908,-4.434891,-0.837301,0.188102,-3.599555,0.399584,1.188172,-2.041330,0.606081,2.730775,-2.759657,-0.585726,0.394625,-3.620493,-2.297678,-0.802544,-2.781351,-1.056078,0.465718,-1.177662,-0.844232,1.694691,-1.859116,-2.066000,0.015033,-3.932783,-1.126027,-0.293569,-3.580607,0.231332,0.319429,-2.978561,-2.647795
161.000000,1.580213,-4.528001,-1.101448,0.151364,-3.784145,0.292508,1.536348,-2.147138,0.458986,2.849736,-2.848676,-0.788630,0.549191,-3.527594,-2.469317,-0.661330,-2.950268,-1.157678,0.445567,-1.157336,-0.717524,1.652885,-1.932989,-2.275403,0.051098,-4.051830,-1.079266,-0.143554,-3.466297,0.137430,0.283819,-3.082178,-2.441323
162.000000,1.632509,-4.639973,-1.407537,0.480866,-3.698022,0.301441,1.669843,-2.040989,0.435580,2.925104,-2.980866,-1.072499,0.374957,-3.448928,-2.547806,-0.615455,-2.754806,-1.164393,0.529734,-1.308555,-0.709671,1.700922,-1.868148,-2.158642,0.098431,-4.103526,-1.305675,0.127648,-3.467408,0.358264,0.591305,-3.220443,-2.579694
163.000000,1.698045,-4.432058,-1.398137,0.562122,-3.584817,0.298472,1.824071,-2.005763,0.247835,2.789440,-2.978809,-1.221255,0.577306,-3.355378,-2.571060,-0.680729,-2.665201,-1.011629,0.702435,-1.322387,-0.819597,1.611112,-1.792991,-2.347711,0.323989,-4.047722,-1.231460,0.155838,-3.394058,0.238799,0.441266,-2.993511,-2.714794
164.000000,1.766142,-4.235495,-1.531390,0.893001,-3.781864,-0.034482,1.930874,-2.238282,0.311221,2.882884,-2.607268,-1.324838,0.549011,-3.243002,-2.522980,-0.449259,-2.806217,-1.173206,0.643510,-1.167571,-0.840387,1.691620,-1.616550,-2.535953,0.402111,-3.813518,-1.230125,0.479066,-3.564711,0.169487,0.241086,-2.939513,-2.598761
165.000000,1.904111,-4.403997,-1.403201,1.035648,-3.871066,0.066530,2.162235,-1.925244,0.105316,3.171400,-2.494402,-1.537471,0.545045,-3.353967,-2.663525,-0.353512,-2.645723,-0.843427,0.722833,-1.273752,-0.849158,1.749645,-1.590726,-2.570433,0.513825,-3.747477,-1.254411,0.624891,-3.546792,0.187866,0.488254,-2.847598,-2.678176
166.000000,1.956666,-4.101331,-1.498417,1.222950,-3.705179,0.060928,2.072652,-1.992318,0.137756,3.180925,-2.635751,-1.665757,0.538337,-3.088845,-2.695199,-0.039303,-2.650149,-1.033241,0.872771,-1.111779,-1.058021,1.872581,-1.474069,-2.536913,0.611906,-4.002090,-1.365171,0.924196,-3.590879,-0.077618,0.302256,-2.786699,-2.654477
167.000000,2.151139,-4.086077,-1.777267,1.470364,-3.844707,0.053388,2.529981,-2.157701,-0.117458,3.120209,-2.556927,-1.697904,0.525468,-3.216342,-2.722912,-0.028691,-2.672375,-0.873599,0.964961,-0.885408,-0.900693,1.834988,-1.450592,-2.647892,0.939827,-3.932089,-1.372253,0.894742,-3.376140,0.313969,0.494545,-2.592877,-2.669634
168.000000,2.109899,-4.252068,-1.702232,1.568878,-3.717571,0.080776,2.522230,-1.955769,-0.075306,3.307818,-2.419364,-2.056926,0.603012,-2.964650,-2.659360,0.048522,-2.757514,-0.805275,1.006087,-0.906319,-0.805512,1.761988,-1.288821,-2.593289,0.811647,-3.886763,-1.353009,1.142359,-3.487984,0.075992,0.234576,-2.853335,-2.688598
169.000000,2.228612,-4.151495,-2.000453,1.880984,-3.537798,0.056941,2.806371,-1.838143,-0.220314,3.221142,-2.605381,-1.923911,0.759274,-3.062907,-2.666807,0.011538,-2.592751,-0.634311,0.988949,-0.904862,-0.814975,1.692883,-1.276480,-2.700736,0.868665,-3.766537,-1.267255,1.414480,-3.410196,-0.046226,0.302376,-2.509727,-2.580110
170.000000,2.332779,-3.768484,-1.987509,1.866624,-3.659052,-0.418356,2.893394,-1.941744,-0.197403,3.304360,-2.278363,-2.342748,0.522482,-2.897294,-2.445139,0.197208,-2.574996,-0.593114,1.178796,-0.872286,-0.835849,1.755886,-1.231008,-2.660323,0.895402,-3.630455,-1.163035,1.447537,-3.441325,0.070610,0.429391,-2.597279,-2.819612
171.000000,2.454997,-3.794394,-2.347807,1.959848,-3.415072,-0.073795,3.141957,-1.876811,-0.314962,3.333473,-2.044930,-2.365782,0.548770,-2.780703,-2.586925,0.468723,-2.650327,-0.633030,1.266123,-0.869749,-0.880092,1.608074,-1.312665,-2.617782,1.139764,-3.828009,-1.240972,1.972116,-3.374199,-0.050792,0.646739,-2.614760,-2.477248
172.000000,2.384011,-3.658219,-2.212150,2.130563,-3.627008,-0.308097,3.079825,-1.800310,-0.464457,3.216736,-1.940422,-2.432014,0.517212,-2.834813,-2.531987,0.283757,-2.523978,-0.669330,1.629598,-0.777949,-0.738728,1.569601,-1.101687,-2.611668,1.159654,-3.628354,-1.367002,1.833894,-3.380871,-0.229967,0.478441,-2.394394,-2.490301
173.000000,2.597643,-3.703434,-2.418526,2.422034,-3.448130,-0.289344,3.264628,-1.701811,-0.516611,3.434207,-2.161556,-2.519933,0.832884,-2.830512,-2.546293,0.544462,-2.651085,-0.720626,1.537043,-0.774945,-0.666683,1.617024,-1.008428,-2.545258,1.236759,-3.613547,-1.395059,2.121518,-3.169352,-0.119349,0.411084,-2.331776,-2.436918
174.000000,2.446330,-3.775353,-2.550517,2.524676,-3.478405,-0.362792,3.426071,-1.782194,-0.574655,3.260838,-1.734224,-2.696318,0.659843,-2.793485,-2.366909,0.689992,-2.552357,-0.348039,1.665937,-0.693362,-0.718601,1.478800,-0.923073,-2.642945,1.411390,-3.511495,-1.336200,2.067490,-3.081930,-0.108406,0.494565,-2.390538,-2.222869
175.000000,2.345382,-3.497619,-2.459589,2.637878,-3.318344,-0.559609,3.473772,-1.572497,-0.436983,3.369121,-1.713801,-2.645139,0.894644,-2.799133,-2.343733,0.697158,-2.720383,-0.335812,1.780924,-0.728298,-0.586628,1.917512,-0.880317,-2.512633,1.375938,-3.419231,-1.365986,2.351514,-3.045286,-0.009871,0.465701,-2.478690,-2.197418
176.000000,2.772285,-3.477468,-2.355531,2.921047,-3.310418,-0.572779,3.406501,-1.479539,-0.801635,3.392776,-1.795025,-2.723939,0.727151,-2.532468,-2.385403,1.118342,-2.496929,-0.464111,1.860927,-0.649443,-0.512169,1.733172,-0.798613,-2.517445,1.421703,-3.309855,-1.304937,2.509351,-3.370207,-0.018777,0.360176,-2.248796,-2.025130
177.000000,2.403668,-3.513012,-2.711425,2.985417,-3.327076,-0.246812,3.651628,-1.565953,-0.846443,3.385383,-1.611932,-2.688162,0.651744,-2.632222,-2.366261,0.917239,-2.454766,-0.257047,1.914199,-0.479869,-0.354511,1.553868,-0.874706,-2.493476,1.562042,-3.398711,-1.370170,2.640412,-3.167106,-0.262281,0.538465,-2.095121,-2.044074
178.000000,2.666902,-3.368763,-2.685172,3.082080,-3.290642,-0.556851,3.604737,-1.256629,-0.788533,3.190850,-1.605608,-2.622948,0.704237,-2.512087,-2.317704,1.247104,-2.389585,-0.085138,1.943376,-0.705816,-0.378373,1.679750,-0.772758,-2.249730,1.714467,-3.162861,-1.280366,2.603132,-3.088506,-0.127960,0.466767,-2.111560,-1.855491
179.000000,2.261563,-3.008707,-2.628982,3.219145,-3.150053,-0.510964,3.972569,-1.337743,-1.006827,3.394691,-1.536054,-2.755004,0.699062,-2.237963,-1.972144,1.490436,-2.320534,-0.261394,2.103343,-0.434361,-0.350240,1.690458,-0.495732,-2.365694,1.718314,-3.198779,-1.473717,3.167092,-2.970142,-0.146119,0.440441,-1.890046,-1.492873
180.000000,2.426519,-3.001935,-2.545213,3.132265,-3.020764,-0.599227,3.951361,-1.112448,-1.141475,3.133896,-1.224402,-2.834997,0.770971,-2.216712,-1.825281,1.656544,-2.300963,0.044624,2.250930,-0.242255,-0.389100,1.777923,-0.453170,-2.308133,2.020285,-3.131525,-1.122314,3.260913,-2.917693,-0.362358,0.742290,-1.956312,-1.519342
181.000000,2.345840,-2.935915,-2.606665,3.563446,-2.932660,-0.702398,4.132119,-1.240200,-0.865182,3.445724,-1.086709,-2.684889,0.822080,-2.311856,-1.757730,1.759391,-2.285898,0.108377,2.431909,-0.491718,-0.194644,1.650721,-0.360385,-1.947681,1.845471,-3.030415,-1.285850,3.159910,-2.947944,-0.430979,0.639979,-1.919840,-1.370380
182.000000,2.527368,-3.039181,-2.417294,3.418803,-2.922070,-0.723288,4.167845,-0.938902,-1.027492,3.118725,-0.794884,-2.819317,0.903350,-2.070248,-1.614144,1.901034,-1.953002,0.096757,2.474707,-0.322684,-0.076029,1.412803,-0.495318,-2.005251,1.885563,-3.050872,-1.076403,3.308681,-2.957121,-0.362673,0.834898,-2.010113,-1.233033
183.000000,2.635310,-2.683843,-2.389005,3.819840,-2.869430,-0.796141,4.162914,-0.952865,-0.964977,3.023997,-0.984599,-2.684301,1.061898,-2.137499,-1.425216,2.040076,-2.005727,0.200550,2.713436,-0.010796,-0.058257,1.569746,-0.148183,-1.858350,2.367334,-2.919685,-1.108379,3.433926,-2.630574,-0.314787,0.756520,-1.725308,-1.322213
184.000000,2.562164,-2.631399,-2.310811,3.612178,-2.875757,-0.933241,4.119777,-0.721057,-1.001091,3.139863,-0.661346,-2.780406,0.994895,-2.069103,-1.408068,1.995218,-2.080621,0.256784,2.788709,-0.204495,-0.067710,1.481461,-0.135385,-1.615462,2.091455,-2.856413,-1.008995,3.558403,-2.721263,-0.409282,0.754188,-1.690437,-1.113102
185.000000,2.636211,-2.339268,-2.529565,3.824579,-2.731273,-0.773501,4.167931,-0.705386,-1.275614,3.032526,-0.770999,-2.671973,0.967884,-1.915302,-1.273146,2.281368,-2.041271,0.250975,2.837151,0.002141,-0.061371,1.692062,0.084466,-1.631070,2.135040,-2.760641,-1.035227,3.922452,-2.577568,-0.542219,0.817651,-1.559037,-0.929386
186.000000,2.516922,-2.372961,-2.445265,3.840549,-2.567615,-0.840328,4.386670,-0.671394,-1.208852,2.957814,-0.699727,-2.677637,1.290586,-1.993665,-1.173625,2.346897,-1.930251,0.436706,2.900570,-0.177936,0.094537,1.427358,0.025625,-1.315727,2.227521,-2.868021,-0.767908,3.772181,-2.382489,-0.505755,0.984442,-1.566886,-0.806457
187.000000,2.504948,-2.401458,-2.473827,3.944790,-2.496445,-0.952469,4.231826,-0.383556,-1.148884,3.029914,-0.466436,-2.814485,1.348978,-1.846301,-1.025231,2.614710,-1.830284,0.452356,3.142687,0.088722,0.047234,1.528107,0.182981,-1.521401,2.406969,-2.780090,-0.916267,3.893360,-2.443492,-0.572527,0.962484,-1.324315,-0.374797
188.000000,2.351396,-2.099304,-2.318468,3.981631,-2.377519,-1.027779,4.468595,-0.420964,-1.299900,2.738641,-0.409236,-2.733100,1.209671,-1.894861,-0.827953,2.846569,-1.768941,0.512093,3.102348,0.236755,0.276956,1.577166,0.019843,-1.052450,2.571139,-2.620768,-0.779870,3.968649,-2.334298,-0.791510,1.124701,-1.399397,-0.466484
189.000000,2.445704,-2.226914,-2.171277,3.996381,-2.363247,-0.850420,4.472633,-0.382616,-1.212445,2.855899,-0.139891,-2.655296,1.366206,-1.767272,-0.685831,3.106915,-1.798119,0.534966,2.984304,0.257868,0.160529,1.526908,0.203760,-0.786956,2.628686,-2.492396,-0.716395,4.018396,-2.206906,-0.559204,1.321370,-1.342462,-0.194686
190.000000,2.374216,-1.970697,-2.137654,3.950715,-2.204978,-0.993840,4.472512,-0.226945,-1.387373,2.738709,-0.077477,-2.374034,1.416836,-1.543617,-0.556324,2.911690,-1.869299,0.699144,3.440770,0.159269,0.340959,1.794110,0.361103,-0.717440,2.492140,-2.326221,-0.776471,4.029933,-2.157386,-0.647214,1.282672,-1.526105,0.011490
191.000000,2.490579,-2.133086,-1.944396,4.010211,-1.971622,-1.024428,4.378424,-0.111648,-1.143703,2.538135,0.086614,-2.179441,1.457849,-1.348339,-0.395459,3.195399,-1.710385,0.805435,3.383183,0.225618,0.565368,1.621342,0.242100,-0.641582,2.729572,-2.170906,-0.607128,4.331362,-2.157351,-0.653259,1.358812,-1.336235,0.083513
192.000000,2.411832,-1.876371,-1.935110,4.110545,-2.040080,-1.040853,4.347648,0.007541,-1.254442,2.597265,0.096419,-2.049874,1.332537,-1.588285,0.090354,3.118003,-1.767164,0.805332,3.261046,0.316224,0.718335,1.541948,0.257155,-0.565693,2.810368,-2.112247,-0.602790,4.315238,-1.778450,-0.448617,1.448128,-1.497601,0.151683
193.000000,2.262774,-1.751540,-1.867927,4.242158,-1.707885,-1.055122,4.450867,0.178540,-1.238139,2.606859,0.259681,-1.849994,1.370641,-1.503150,-0.045401,3.383242,-1.434519,0.775997,3.407824,0.501038,0.647299,1.531046,0.526088,-0.398397,2.703223,-2.228287,-0.402767,4.297028,-1.939237,-0.555812,1.416463,-1.176977,0.309584
194.000000,2.229594,-1.569341,-1.690874,4.270598,-1.729227,-1.012311,4.268935,0.281039,-1.181931,2.432139,0.183700,-1.892795,1.617471,-1.455146,-0.006933,3.599342,-1.439218,0.798660,3.513858,0.413298,0.768904,1.770589,0.541655,-0.010449,2.733566,-1.899941,-0.279714,4.268082,-1.764158,-0.920081,1.500482,-1.286287,0.559644
195.000000,2.192453,-1.648933,-1.659181,4.185520,-1.551907,-1.234437,4.264427,0.245714,-1.111391,2.445759,0.384537,-1.864764,1.602750,-1.547934,0.308110,3.531502,-1.315929,0.751267,3.639141,0.425140,0.603585,1.672946,0.765681,0.047593,2.868782,-1.998934,-0.472651,4.318212,-1.529563,-0.791420,1.819766,-1.179433,0.650280
196.000000,2.235476,-1.476025,-1.509965,4.093110,-1.473642,-1.280564,4.051871,0.567789,-1.068020,2.201620,0.558687,-1.613498,1.787171,-1.460959,0.337064,3.626762,-1.264775,1.146743,3.747480,0.516984,0.807879,1.960209,0.745381,0.205756,2.989448,-1.804224,-0.378707,4.384363,-1.375664,-0.562708,1.823535,-1.072114,0.970472
197.000000,2.017348,-1.261894,-1.528456,4.212297,-1.392661,-0.910167,4.234815,0.506746,-0.994056,2.373403,0.778401,-1.567106,1.757096,-1.179175,0.504004,3.924328,-1.240390,0.658469,3.868944,0.706286,0.821817,1.830750,0.882911,0.586850,2.955055,-1.813199,-0.210585,4.350229,-1.439460,-0.631094,1.968300,-0.823785,1.118569
198.000000,2.024581,-1.120714,-1.359836,4.148227,-1.297380,-1.130421,4.157987,0.485011,-1.271144,2.126747,0.803686,-1.369623,1.700235,-1.211000,0.759168,3.901842,-1.173807,1.072375,3.934752,0.751255,0.860691,1.769240,0.858161,0.763306,3.024098,-1.546810,-0.167325,4.475821,-1.260465,-0.547723,2.012682,-0.848259,1.281385
199.000000,2.027619,-1.078946,-1.005198,4.030029,-1.255454,-0.801437,4.021028,0.892057,-0.934880,2.010788,0.797974,-1.143453,1.749727,-1.093436,0.886613,3.898407,-1.241570,1.139873,3.960431,1.055436,0.919709,1.865709,0.961818,0.805788,2.862237,-1.446913,-0.130356,4.141069,-0.988514,-0.748987,2.046771,-1.036260,1.443802
